{"cameraMode":{"drawMode":0,"name":"Shaded","section":"Shading Mode"},"sceneLighting":false,"audioPlay":false,"sceneViewState":{"m_AlwaysRefresh":false,"showFog":true,"showSkybox":false,"showFlares":true,"showImageEffects":true,"showParticleSystems":true,"showVisualEffectGraphs":true,"m_FxEnabled":true},"in2DMode":false,"pivot":{"x":0.05653846263885498,"y":0.5107423067092896,"z":0.6107977628707886},"rotation":{"x":0.20636244118213654,"y":-0.3269481658935547,"z":0.0733848288655281,"w":0.9193222522735596},"size":1.6515249013900757,"orthographic":false}