{"cameraMode":{"drawMode":0,"name":"Shaded","section":"Shading Mode"},"sceneLighting":false,"audioPlay":false,"sceneViewState":{"m_AlwaysRefresh":false,"showFog":true,"showSkybox":false,"showFlares":true,"showImageEffects":true,"showParticleSystems":true,"showVisualEffectGraphs":true,"m_FxEnabled":true},"in2DMode":false,"pivot":{"x":69.82164001464844,"y":-7.612713813781738,"z":33.760047912597659},"rotation":{"x":0.16489103436470033,"y":0.17389221489429475,"z":-0.029549729079008104,"w":0.9704228639602661},"size":2.711221694946289,"orthographic":false}